;map;mrr
valores;0.02294896842848884;0.02336020432440136
