;map;mrr
valores;0.02189555396704617;0.02724743932390814
